,0
0,"1300 Crossing Pl, Austin, TX 78741, USA"
1,"400 Congress Ave, Austin, TX 78701, USA"
2,"8504 Georgian Dr, Austin, TX 78753, USA"
3,142221218
4,"Manchaca Rd, Austin, TX, USA"
5,"6500 River Pl Blvd, Austin, TX 78730, USA"
6,"3300 Esperanza Crossing, Austin, TX 78758, USA"
7,"14900 Chamberlain Ct, Austin, TX 78724, USA"
8,"2200 Mission Hill Dr, Austin, TX 78741, USA"
9,"6800 Thorncliffe Dr, Austin, TX 78731, USA"
10,"1000 Springdale Rd, Austin, TX 78702, USA"
11,141570894
12,"3600 Tudor Blvd, Austin, TX 78759, USA"
13,150191769
14,"10801 Ih 35 Service Rd. Nb, Austin, TX 78747, United States"
15,"FM1825, Austin, TX 78660, USA"
16,"11500 Antigua Dr, Austin, TX 78759, USA"
17,"4100 Governors Row, Austin, TX 78744, USA"
18,"Elkhart St, Austin, TX 78702, USA"
19,"12611 N Hwy 183, Austin, TX 78759, United States"
20,171780316
21,"1800 Barton Hills Dr, Austin, TX 78704, USA"
22,120280446
23,"3800 E 12th St, Austin, TX 78721, USA"
24,"400 E 6th St, Austin, TX 78701, USA"
25,"1900 Ridgemont Dr, Austin, TX 78723, USA"
26,"400 E 6th St, Austin, TX 78701, USA"
27,131171308
28,"8700 Mountain Ridge Dr, Austin, TX 78759, USA"
29,"2100 S Lakeshore Blvd, Austin, TX 78741, USA"
30,"2026 Guadalupe St, Austin, TX 78705, USA"
31,"13900 Tophill Cir, Pflugerville, TX 78660, USA"
32,"7200 Duval St, Austin, TX 78752, USA"
33,"7200 Duval St, Austin, TX 78752, USA"
34,"2100 Wickersham Ln, Austin, TX 78741, USA"
35,"6500 Manor Rd, Austin, TX 78723, USA"
36,120120817
37,"1000 E 41st St, Austin, TX 78751, USA"
38,"1500 Royal Crest Dr, Austin, TX 78741, USA"
39,"Austin, TX 78704, USA"
40,"1900 Webberville Rd, Austin, TX 78721, USA"
41,"1000 Springdale Rd, Austin, TX 78702, USA"
42,"200 Cinderella Dr, Austin, TX 78752, USA"
43,"2200 Justin Ln, Austin, TX 78757, USA"
44,"E Cesar Chavez St, Austin, TX, USA"
45,143621003
46,"8300 N FM 620, Austin, TX 78726, USA"
47,"2600 Monarch Dr, Austin, TX 78748, USA"
48,"5000 Blue Spruce Cir, Austin, TX 78723, USA"
49,"Austin, TX 78701, USA"
50,"1900 Shady Brook Ln, Austin, TX 78723, USA"
51,"5100 Harmon Ave, Austin, TX 78751, USA"
52,"1000 Collinwood W Dr, Austin, TX 78753, USA"
53,"5800 Sweeney Cir, Austin, TX 78723, USA"
54,"2806 Waymaker Way, Austin, TX 78746, USA"
55,163270683
56,"2328 Nestlewood Dr, Austin, TX 78754, USA"
57,"5100 Regency Dr, Austin, TX 78724, USA"
58,"10400 Doc Holliday Trail, Austin, TX 78753, USA"
59,"2600 W William Cannon Dr, Austin, TX 78745, USA"
60,"E William Cannon Dr, Austin, TX, USA"
61,"4900 Prock Ln, Austin, TX 78721, USA"
62,"2100 E 17th St, Austin, TX 78702, USA"
63,"2100 Travis Heights Blvd, Austin, TX 78704, USA"
64,"3600 Southridge Dr, Austin, TX 78704, USA"
65,"4600 Elmont Dr, Austin, TX 78741, USA"
66,"400 Sabine St, Austin, TX 78701, USA"
67,"2300 Durwood St, Austin, TX 78704, USA"
68,"6000 Palm Cir, Austin, TX 78741, USA"
69,"100 W 5th St, Austin, TX 78701, USA"
70,"607 W 24th St, Austin, TX 78705, USA"
71,"600 E Wonsley Dr, Austin, TX 78753, USA"
72,"3200 Mossrock Dr, Austin, TX 78757, USA"
73,133530900
74,"3300 Northeast Dr, Austin, TX 78723, USA"
75,"6200 E Riverside Dr, Austin, TX 78741, USA"
76,171931134
77,"4537 S IH 35 Frontage Rd, Austin, TX 78744, USA"
78,"500 Brazos St, Austin, TX 78701, USA"
79,"700 Waller St, Austin, TX 78702, USA"
80,"6900 Wentworth Dr, Austin, TX 78724, USA"
81,"2500 Huntwick Dr, Austin, TX 78741, USA"
82,131080688
83,"12400 Split Rail Cove, Austin, TX 78750, USA"
84,"Austin, TX 78701, USA"
85,"Austin, TX 78701, USA"
86,"601 Rio Grande St, Austin, TX 78701, USA"
87,152891123
88,"3000 Guadalupe St, Austin, TX 78705, USA"
89,"3700 Presidential Blvd, Austin, TX 78719, USA"
90,"800 Terrace Mountain Dr, West Lake Hills, TX 78746, USA"
91,"1000 E 11th St, Austin, TX 78702, USA"
92,"Old San Antonio Rd, Austin, TX, USA"
93,"4000 Sinclair Ave, Austin, TX 78756, USA"
94,172750665
95,"5300 West Gate Blvd, Sunset Valley, TX 78745, USA"
96,"2700 Market Garden Ln, Austin, TX 78745, USA"
97,"2900 FM973, Austin, TX 78725, USA"
98,"3700 Goodwin Ave, Austin, TX 78721, USA"
99,"516 W Oltorf St, Austin, TX 78704, USA"
100,"8800 East Dr, Austin, TX 78753, USA"
101,"1600 Stephen F Austin Dr, Austin, TX 78703, USA"
102,"2400 S Lamar Blvd, Austin, TX 78704, USA"
103,170700479
104,172721077
105,"900 E 40th St, Austin, TX 78751, USA"
106,"2500 E Riverside Dr, Austin, TX 78741, USA"
107,"2000 Burton Dr, Austin, TX 78741, USA"
108,"E Perimeter Rd, Austin, TX 78719, USA"
109,"1811 W Dittmar Rd, Austin, TX 78748, USA"
110,"2400 Town Lake Cir, Austin, TX 78741, USA"
111,132521786
112,"1800 E Oltorf St, Austin, TX 78741, USA"
113,"1400 Cool Shadow Dr, Del Valle, TX 78617, USA"
114,"100 Oertli Ln, Austin, TX 78753, USA"
115,"1102 W Slaughter Ln, Austin, TX 78748, USA"
116,"602 Neches St, Austin, TX 78701, USA"
117,"6000 E Stassney Ln, Austin, TX 78744, USA"
118,"10600 Macmora Rd, Austin, TX 78758, USA"
119,"3200 Amy Donovan Plaza, Austin, TX 78758, USA"
120,"300 E 3rd St, Austin, TX 78701, USA"
121,152850207
122,"6200 Cameron Rd, Austin, TX 78723, USA"
123,"19700 S IH 35 Frontage Rd, Austin, TX 78701, USA"
124,171941298
125,"6300 Bluff Springs Rd, Austin, TX 78752, USA"
126,"1600 Royal Crest Dr, Austin, TX 78741, USA"
127,"2400 Santa Rita St, Austin, TX 78702, USA"
128,"1400 E M. Franklin Ave, Austin, TX 78721, USA"
129,"700 W William Cannon Dr, Austin, TX 78745, USA"
130,152240386
131,"1700 S Lakeshore Blvd, Austin, TX 78741, USA"
132,"6000 Hogan Ave, Austin, TX 78741, USA"
133,162050371
134,"10600 Golden Meadow Dr, Austin, TX 78758, USA"
135,"804 W 9th St, Austin, TX 78701, USA"
136,"Austin, TX 78701, USA"
137,"189 E Austin St # 105, New Braunfels, TX 78130, USA"
138,"N Interstate Hwy 35, Texas, USA"
139,"3544 Emma Browning Ave, Austin, TX 78719, USA"
140,"5400 Guadalupe St, Austin, TX 78751, USA"
141,"3800 Clawson Rd, Austin, TX 78704, USA"
142,"700 E 7th St, Austin, TX 78701, USA"
143,"7000 Grand Canyon Dr, Austin, TX 78752, USA"
144,"121 E 5th St, Austin, TX 78701, USA"
145,151450558
146,"5700 Signal Point, Austin, TX 78724, USA"
147,"700 Nelray Blvd, Austin, TX 78751, USA"
148,"900 E 32nd St, Austin, TX 78705, USA"
149,"3544 Emma Browning Ave, Austin, TX 78719, USA"
150,"4000 Berkman Dr, Austin, TX 78723, USA"
151,"100 W Powell Ln, Austin, TX 78753, USA"
152,"11700 Angus Rd, Austin, TX 78759, USA"
153,141822009
154,"9400 Burnet Rd, Austin, TX 78758, USA"
155,"1200 Springdale Rd, Austin, TX 78721, USA"
156,152860123
157,"6800 Suena Dr, Austin, TX 78741, USA"
158,"88 Congress Ave, Austin, TX 78701, USA"
159,"2600 Ridgepoint Dr, Austin, TX 78754, USA"
160,"11111 Research Blvd #300, Austin, TX 78759, USA"
161,"200 E Braker Ln, Austin, TX 78753, USA"
162,"12100 Metric Blvd, Austin, TX 78758, USA"
163,"Elmont Dr, Austin, TX 78741, USA"
164,"800 W 5th St, Austin, TX 78703, USA"
165,"6300 Tara Dr, Austin, TX 78744, USA"
166,"Trinity St, Austin, TX, USA"
167,"6300 Avery Island Ave, Austin, TX 78727, USA"
168,"2200 Willow Creek Dr, Austin, TX 78741, USA"
169,"6500 Airport Blvd, Austin, TX 78752, USA"
170,"2500 W Parmer Ln, Austin, TX 78727, USA"
171,152801267
172,"2300 Wickersham Ln, Austin, TX 78741, USA"
173,"12300 Patron Dr, Austin, TX 78758, USA"
174,"11000 S 1st St, Austin, TX 78748, USA"
175,"804 E Braker Ln, Austin, TX 78753, USA"
176,"2300 Westworth Cir, Austin, TX 78704, USA"
177,"100 W Oltorf St, Austin, TX 78704, USA"
178,"12100 Samsung Blvd, Austin, TX 78754, USA"
179,"7500 S IH 35 Frontage Rd, Austin, TX 78745, USA"
180,120010604
181,131561918
182,"1100 Fieldcrest Dr, Austin, TX 78704, USA"
183,"2400 Cromwell Cir, Austin, TX 78741, USA"
184,"1800 E Oltorf St, Austin, TX 78741, USA"
185,"9600 N Lamar Blvd, Austin, TX 78753, USA"
186,"1700 Waterston Ave, Austin, TX 78703, USA"
187,"4537 S IH 35 Frontage Rd, Austin, TX 78744, USA"
188,"10600 N Lamar Blvd, Austin, TX 78753, USA"
189,162320871
190,"3300 Presidential Blvd, Austin, TX 78719, USA"
191,"5200 Regency Cove, Austin, TX 78724, USA"
192,"9052 Galewood Dr, Austin, TX 78758, USA"
193,"9300 Manchaca Rd, Austin, TX 78748, USA"
194,"6500 US-290, Austin, TX 78735, USA"
195,"600 Trinity St, Austin, TX 78701, USA"
196,"6200 Stiles Cove, Austin, TX 78721, USA"
197,"9800 Quail Blvd, Austin, TX 78758, USA"
198,"0 Rainey St, Austin, TX 78701, USA"
199,"4400 Whispering Valley Dr, Austin, TX 78727, USA"
200,"600 E 15th St, Austin, TX 78701, USA"
201,152780366
202,152520842
203,"100 W 6th St, Austin, TX 78701, USA"
204,"700 E 8th St, Austin, TX 78701, USA"
205,"2300 Berkeley Ave, Austin, TX 78745, USA"
206,"Austin, TX 78704, USA"
207,"1000 Rutland Dr, Austin, TX 78758, USA"
208,"6600 Hergotz Ln, Austin, TX 78742, USA"
209,"2200 Andrew Zilker Rd, Austin, TX 78746, USA"
210,143231019
211,"2800 Bartons Bluff Ln, Austin, TX 78746, USA"
212,"2101 Elmont Dr, Austin, TX 78741, USA"
213,172700403
214,"2100 Maple Ave, Austin, TX 78722, USA"
215,"2600 Gonzales St, Austin, TX 78702, USA"
216,"1800 True Cove, Austin, TX 78748, USA"
217,"9200 Balcones Club Dr, Austin, TX 78750, USA"
218,"10400 Brownie Dr, Austin, TX 78753, USA"
219,"800 Nile St, Austin, TX 78702, USA"
220,"1100 Nickols Ave, Austin, TX 78721, USA"
221,"3200 Duval St, Austin, TX 78705, USA"
222,"800 W Howard Ln, Austin, TX 78753, USA"
223,"602 E 7th St, Austin, TX 78701, USA"
224,"5600 N Lamar Blvd, Austin, TX 78756, USA"
225,"300 San Jacinto Blvd, Austin, TX 78701, USA"
226,"3100 Jack Cook Dr, Austin, TX 78723, USA"
227,171740412
228,"700 Culp St, Austin, TX 78741, USA"
229,"8100 Salt Springs Dr, Austin, TX 78747, USA"
230,"900 E 32nd St, Austin, TX 78705, USA"
231,"411 E Rundberg Ln, Austin, TX 78753, USA"
232,"7700 Northcross Dr, Austin, TX 78757, USA"
233,"8000 Mesa Dr, Austin, TX 78731, USA"
234,"W 5th St, Austin, TX, USA"
235,"300 W 15th St, Austin, TX 78701, USA"
236,"700 W 51st St, Austin, TX 78751, USA"
237,"100 W 6th St, Austin, TX 78701, USA"
238,"800 Congress Ave, Austin, TX 78701, USA"
239,"2400 E Riverside Dr, Austin, TX 78741, USA"
240,"7100 Boyle Ln, Austin, TX 78724, USA"
241,"4100 W Slaughter Ln, Austin, TX 78749, USA"
242,"9000 Northgate Blvd, Austin, TX 78758, USA"
243,140131737
244,132070440
245,"300 W Dittmar Rd, Austin, TX 78745, USA"
246,"900 E 32nd St, Austin, TX 78705, USA"
247,150620499
248,"407 Colorado St, Austin, TX 78701, USA"
249,"9800 Anderson Mill Rd, Austin, TX 78750, USA"
250,"3400 Far West Blvd, Austin, TX 78731, USA"
251,"2200 Pearl St, Austin, TX 78705, USA"
252,"3400 Parker Ln, Austin, TX 78741, USA"
253,"300 E 4th St, Austin, TX 78701, USA"
254,132610129
255,132620579
256,"Austin, TX 78701, USA"
257,120752126
258,"Austin, TX 78701, USA"
259,140320055
260,"10300 Ivalenes Hope Dr, Austin, TX 78717, USA"
261,"Burleson Rd, Austin, TX, USA"
262,142731024
263,"2417 Ashdale Dr a, Austin, TX 78757, USA"
264,133560689
265,"2900 FM973, Austin, TX 78725, USA"
266,"9100 North Dr, Austin, TX 78753, USA"
267,"4500 E Riverside Dr, Austin, TX 78741, USA"
268,"6910 McNeil Dr, Austin, TX 78729, USA"
269,"11000 Dessau Rd, Austin, TX 78754, USA"
270,"12330 S IH 35 Frontage Rd, Austin, TX 78753, USA"
271,"5100 S Congress Ave, Austin, TX 78745, USA"
272,"6400 S Pleasant Valley Rd, Austin, TX 78744, USA"
273,"9500S IH 35 S L700, Austin, TX 78748, United States"
274,"W Martin Luther King Jr Blvd, Austin, TX, USA"
275,"2100 E Riverside Dr, Austin, TX 78741, USA"
276,"500 Rio Grande St, Austin, TX 78701, USA"
277,"900 Bedford St, Austin, TX 78702, USA"
278,"600 Sabine St, Austin, TX 78701, USA"
279,"10000 S 1st St, Austin, TX 78748, USA"
280,"Austin, TX 78712, USA"
281,"1000 E 41st St, Austin, TX 78751, USA"
282,"1300 Smith Rd, Austin, TX 78721, USA"
283,"Austin, TX 78712, USA"
284,"3500 Greystone Dr, Austin, TX 78731, USA"
285,"Walnut Creek Metropolitan Park, 12138 N Lamar Blvd, Austin, TX 78753, USA"
286,"3203 Longhorn Blvd #102, Austin, TX 78758, USA"
287,130591324
288,"400 Montopolis Dr, Austin, TX 78741, USA"
289,132740081
290,"6500 Moonglow Dr, Austin, TX 78724, USA"
291,"2400 Burleson Ct, Austin, TX 78741, USA"
292,"200 Lavaca St, Austin, TX 78701, USA"
293,"200 Loganberry Ct, Austin, TX 78745, USA"
294,"400 E 6th St, Austin, TX 78701, USA"
295,"621 Radam Ln #200, Austin, TX 78745, USA"
296,120062031
297,"11500 Catalonia Dr, Austin, TX 78759, USA"
298,"1900 Jentsch Ct, Austin, TX 78745, USA"
299,"500 E 7th St, Austin, TX 78701, USA"
300,"6401 S Pleasant Valley Rd, Austin, TX 78744, USA"
301,"7100 Woodhue Dr, Austin, TX 78745, USA"
302,"1200 W 38th St, Austin, TX 78705, USA"
303,"800 W 5th St, Austin, TX 78703, USA"
304,"400 E 7th St, Austin, TX 78701, USA"
305,"11500 Arbroath Ln, Austin, TX 78754, USA"
306,"Manchaca Rd, Austin, TX, USA"
307,"8000 Exchange Dr, Austin, TX 78754, USA"
308,"E 5th St, Austin, TX, USA"
309,"1000 Prairie Trail, Austin, TX 78758, USA"
310,"1100 E Riverside Dr, Austin, TX 78704, USA"
311,"Austin, TX 78757, USA"
312,163080826
313,172050192
314,"2900 Century Park Blvd, Austin, TX 78727, USA"
315,"6100 Burnet Rd, Austin, TX 78757, USA"
316,"6500 Decker Ln, Austin, TX 78724, USA"
317,"3300 Esperanza Crossing, Austin, TX 78758, USA"
318,"14000 Lampting Dr, Pflugerville, TX 78660, USA"
319,"2100 Charlotte Estates Dr, Austin, TX 78744, USA"
320,172870835
321,"9700 N Lamar Blvd, Austin, TX 78753, USA"
322,"11500 Trinity Hill Dr, Austin, TX 78753, USA"
323,"E 6th St, Austin, TX, USA"
324,"300 W William Cannon Dr, Austin, TX 78745, USA"
325,"1200 W Slaughter Ln, Austin, TX 78748, USA"
326,"1800 Webberville Rd, Austin, TX 78721, USA"
327,"7400 Geneva Dr, Austin, TX 78723, USA"
328,"9400 N Lamar Blvd, Austin, TX 78753, USA"
329,"1300 Crossing Pl, Austin, TX 78741, USA"
330,"4600 Elmont Dr, Austin, TX 78741, USA"
331,"800 W Riverside Dr, Austin, TX 78704, USA"
332,"300 Lightsey Rd, Austin, TX 78704, USA"
333,160300584
334,"3900 N Lamar Blvd, Austin, TX 78756, USA"
335,"4500 Tamarack Trail, Austin, TX 78727, USA"
336,"1600 W 38th St, Austin, TX 78731, USA"
337,"12611 N Hwy 183, Austin, TX 78759, United States"
338,132001104
339,"1600 Headway Cir, Austin, TX 78754, USA"
340,"2300 Manor Rd, Austin, TX 78722, USA"
341,"200 Pedernales St, Austin, TX 78702, USA"
342,"700 W William Cannon Dr, Austin, TX 78745, USA"
343,"7300 N FM 620, Austin, TX, USA"
344,"9200 Tall Sky Trc, Austin, TX 78724, USA"
345,"2200 Patsy Pkwy, Austin, TX 78744, USA"
346,152420394
347,"200 E 53rd St, Austin, TX 78751, USA"
348,"9200 North Dr, Austin, TX 78753, USA"
349,122160709
350,"9400 N Lamar Blvd, Austin, TX 78753, USA"
351,"Redbud Trail, Austin, TX 78746, USA"
352,"4500 E Riverside Dr, Austin, TX 78741, USA"
353,"9400 Lightwood Loop, Austin, TX 78748, USA"
354,"Davis Ln, Austin, TX, USA"
355,"512 W 18th St, Austin, TX 78701, USA"
356,142850794
357,"800 W 6th St, Austin, TX 78701, USA"
358,"111 Sandra Muraida Way, Austin, TX, USA"
359,"1000 Grove Blvd, Austin, TX 78741, USA"
360,"5200 Provencial Dr, Austin, TX 78724, USA"
361,130430430
362,"13800 Lothian Dr, Pflugerville, TX 78660, USA"
363,"5300 Tortuga Trail, Austin, TX 78731, USA"
364,153010017
365,170430146
366,"3000 Esperanza Crossing, Austin, TX 78758, USA"
367,"1800 Shaker Trail, Austin, TX 78754, USA"
368,"504 W 24th St, Austin, TX 78705, USA"
369,"9500S IH 35 S L700, Austin, TX 78748, United States"
370,"7000 Grand Canyon Dr, Austin, TX 78752, USA"
371,"500 E St Johns Ave, Austin, TX 78752, USA"
372,"Austin, TX 78701, USA"
373,"9800 Curlew Dr, Austin, TX 78748, USA"
374,150570130
375,151150250
376,"9500 N Lamar Blvd, Austin, TX 78753, USA"
377,"500 W 13th St, Austin, TX 78701, USA"
378,"1700 E 4th St, Austin, TX 78702, USA"
379,"2700 W Anderson Ln, Austin, TX 78757, USA"
380,"7900 N FM 620, Austin, TX 78726, USA"
381,"11500 Domain Dr, Austin, TX 78758, USA"
382,"8500 Mesa Dr, Austin, TX 78759, USA"
383,"3800 Mt Bonnell Rd, Austin, TX 78731, USA"
384,"Thurmond St, Austin, TX 78758, USA"
385,163550157
386,"2700 Nueces St, Austin, TX 78705, USA"
387,172701366
388,"1600 Briarcliff Blvd, Austin, TX 78723, USA"
389,123520769
390,"9037 Research Blvd Ste 500, Austin, TX 78758, USA"
391,"5400 Freidrich Ln, Austin, TX 78744, USA"
392,"7800 Burnet Rd, Austin, TX 78757, USA"
393,"2100 E Riverside Dr, Austin, TX 78741, USA"
394,"500 E 6th St, Austin, TX 78701, USA"
395,"5700 Airport Blvd, Austin, TX 78751, USA"
396,"5500 Woodrow Ave, Austin, TX 78756, USA"
397,"7100 Lakewood Dr, Austin, TX 78731, USA"
398,151420070
399,"1400 Cool Shadow Dr, Del Valle, TX 78617, USA"
400,"1723 E Riverside Dr, Austin, TX 78741, USA"
401,"5606 E 51st St, Austin, TX 78723, USA"
402,"4537 S IH 35 Frontage Rd, Austin, TX 78744, USA"
403,"662 E 15th St, Austin, TX 78701, USA"
404,"11000 Amblewood Way, Austin, TX 78753, USA"
405,"9100 Burnet Rd, Austin, TX 78758, USA"
406,"476, 500 W Canyon Ridge Dr, Austin, TX 78753, USA"
407,"1300 Lamar Square Dr, Austin, TX 78704, USA"
408,120650106
409,133070940
410,"700 W 7th St, Austin, TX 78701, USA"
411,"1800 Cedar Ridge Dr, Austin, TX 78741, USA"
412,"Austin, TX 78758, USA"
413,"5000 Duval Rd, Austin, TX 78727, USA"
414,150061941
415,"6100 Waycross Dr, Austin, TX 78745, USA"
416,"1700 Woodward St, Austin, TX 78741, USA"
417,"2200 E Riverside Dr, Austin, TX 78741, USA"
418,"1800 Rosewood Ave, Austin, TX 78702, USA"
419,"1200 S Lamar Blvd, Austin, TX 78704, USA"
420,"6300 E Riverside Dr, Austin, TX 78741, USA"
421,"1500 Faro Dr, Austin, TX 78741, USA"
422,"600 Sabine St, Austin, TX 78701, USA"
423,140551775
424,"574 W 30th St, Austin, TX 78705, USA"
425,"500 Trinity St, Austin, TX 78701, USA"
426,"440 E St Elmo Rd G-2, Austin, TX 78745, USA"
427,"8400 Georgian Dr, Austin, TX 78753, USA"
428,"7302 Providence Ave, Austin, TX 78752, USA"
429,151781941
430,"1400 Smith Rd, Austin, TX 78721, USA"
431,"500 W William Cannon Dr, Austin, TX 78745, USA"
432,"4001 Southwest Pkwy, Austin, TX 78735, USA"
433,"5900 Grover Ave, Austin, TX 78757, USA"
434,"2500 E 4th St, Austin, TX 78702, USA"
435,"2500 Flora Cove, Austin, TX 78746, USA"
436,"Great Hills Plaza, 9600 Great Hills Trail, Austin, TX 78759, USA"
437,"2300 E William Cannon Dr, Austin, TX 78744, USA"
438,131920360
439,"4400 E Oltorf St, Austin, TX 78741, USA"
440,152241129
441,"Austin, TX 78752, USA"
442,"Austin, TX 78712, USA"
443,172531207
444,120330350
445,"2000 S Pleasant Valley Rd, Austin, TX 78741, USA"
446,"1600 E 3rd St, Austin, TX 78702, USA"
447,"800 E 13th St, Austin, TX 78702, USA"
448,"11328 Parkfield Dr, Austin, TX 78758, USA"
449,"1900 W Rundberg Ln, Austin, TX 78758, USA"
450,142461249
451,"W Braker Ln, Austin, TX, USA"
452,"40 I-35, Austin, TX 78701, USA"
453,"1000 E 32nd St, Austin, TX 78705, USA"
454,"Austin, TX 78724, USA"
455,"3700 Guadalupe St, Austin, TX 78705, USA"
456,"601 Rio Grande St, Austin, TX 78701, USA"
457,122440947
458,"4600 Seton Center Pkwy, Austin, TX 78759, USA"
459,"2316 S 5th St, Austin, TX 78704, USA"
460,152510656
461,142430592
462,"S 1st St, Austin, TX, USA"
463,"7400 Jester Blvd, Austin, TX 78750, USA"
464,"9500 Stonebridge Dr, Austin, TX 78758, USA"
465,"400 E 6th St, Austin, TX 78701, USA"
466,"4305 Duval St, Austin, TX 78751, USA"
467,"5200 Freidrich Ln, Austin, TX 78744, USA"
468,"5200 Trading Bend, Austin, TX 78735, USA"
469,"6400 N Hampton Dr, Austin, TX 78723, USA"
470,"S 1st St, Austin, TX, USA"
471,"700 W 15th St, Austin, TX 78701, USA"
472,161560310
473,"2900 Loyola Ln, Austin, TX 78723, USA"
474,"9000 Galewood Dr, Austin, TX 78758, USA"
475,"718 E St Johns Ave, Austin, TX 78752, USA"
476,"5300 S MoPac Expy, Austin, TX 78749, USA"
477,"1700 Alameda Dr, Austin, TX 78704, USA"
478,"1700 San Antonio St, Austin, TX 78701, USA"
479,"11500 N FM 620, Austin, TX 78726, USA"
480,"1300 Byers Ln, Austin, TX 78753, USA"
481,"12800 Center Lake Dr, Austin, TX 78753, USA"
482,"1900 Burton Dr, Austin, TX 78741, USA"
483,"1900 E William Cannon Dr, Austin, TX 78744, USA"
484,"2400 Congress Ave, Austin, TX 78701, USA"
485,162401270
486,"11600 Coalwood Cove, Austin, TX 78739, USA"
487,"10000 Logistics Ln, Austin, TX 78719, USA"
488,"2700 W Anderson Ln, Austin, TX 78757, USA"
489,"502 Trinity St, Austin, TX 78701, USA"
490,"7900 San Felipe Blvd, Austin, TX 78729, USA"
491,"8800 Anderson Mill Rd, Austin, TX 78729, USA"
492,"5700 Thames Dr, Austin, TX 78723, USA"
493,"5900 Cherry Loop, Austin, TX 78745, USA"
494,"2300 Gracy Farms Ln, Austin, TX 78758, USA"
495,"4703 S Congress Ave, Austin, TX 78745, USA"
496,"11200 Henge Dr, Austin, TX 78759, USA"
497,"1100 Eleanor St, Austin, TX 78721, USA"
498,"500 E 7th St, Austin, TX 78701, USA"
499,"300 Holliday Ct, Austin, TX 78753, USA"
500,"Dobbin Dr, Austin, TX 78748, USA"
501,"2400 Chateau Village Way, Austin, TX 78744, USA"
502,"7900 San Felipe Blvd, Austin, TX 78729, USA"
503,"Austin, TX 78701, USA"
504,122041772
505,121420057
506,"100 E Powell Ln, Austin, TX 78753, USA"
507,131360242
508,"2028 E Ben White Blvd #240, Austin, TX 78741, USA"
509,"6500 Shirley Ave, Austin, TX 78752, USA"
510,"5500 Porsche Ln, Austin, TX 78749, USA"
511,"8500 Georgian Dr, Austin, TX 78753, USA"
512,170061785
513,"600 Henderson St, Austin, TX 78703, USA"
514,"4537 S IH 35 Frontage Rd, Austin, TX 78744, USA"
515,163171297
516,130361564
517,140430192
518,120070507
519,"12611 N Hwy 183, Austin, TX 78759, United States"
520,"1200 W 38th St, Austin, TX 78705, USA"
521,"4900 Beverly Hills Dr, Austin, TX 78731, USA"
522,140030118
523,160321869
524,"1000 Smith Rd, Austin, TX 78721, USA"
525,"7400 Charlton Dr, Austin, TX 78723, USA"
526,"2600 Ektom Dr, Austin, TX 78745, USA"
527,"12611 N Hwy 183, Austin, TX 78759, United States"
528,"2700 Catalina Dr, Austin, TX 78741, USA"
529,"600 Brazos St, Austin, TX 78701, USA"
530,140452068
531,141481370
532,142070187
533,"2400 S 5th St, Austin, TX 78704, USA"
534,160121509
535,"Austin, TX 78712, USA"
536,"1500 E Cesar Chavez St, Austin, TX 78702, USA"
537,"400 W Riverside Dr, Austin, TX 78704, USA"
538,"12900 Pond Springs Rd, Austin, TX 78729, USA"
539,"12800 Harrisglenn Dr, Austin, TX 78753, USA"
540,"10800 Pinkney Ln, Austin, TX 78739, USA"
541,"2900 W Howard Ln, Austin, TX 78728, USA"
542,"2900 S Lakeline Blvd, Cedar Park, TX 78613, USA"
543,"600 Congress Ave, Austin, TX 78701, USA"
544,"1700 Royal Hill Dr, Austin, TX 78741, USA"
545,"9300 Northgate Blvd, Austin, TX 78758, USA"
546,"1600 Springdale Rd, Austin, TX 78721, USA"
547,"4700 Bandera Rd, Austin, TX 78721, USA"
548,"4200 Monterey Oaks Blvd, Austin, TX 78749, USA"
549,172530678
550,"W 23rd St, Austin, TX 78705, USA"
551,"2100 Burton Dr, Austin, TX 78741, USA"
552,"8700 N Lamar Blvd, Austin, TX 78753, USA"
553,"2600 Theresa Blanchard Ln, Austin, TX 78748, USA"
554,160531499
555,"3600 Presidential Blvd, Austin, TX 78719, USA"
556,160331550
557,120910706
558,"2300 Durwood St, Austin, TX 78704, USA"
559,"1600 Royal Crest Dr, Austin, TX 78741, USA"
560,"8121 Shoal Creek Blvd, Austin, TX 78757, USA"
561,"12611 N Hwy 183, Austin, TX 78759, United States"
562,"3759 Bergstrom Dr, Austin, TX 78719, USA"
563,"12300 Sugar Leaf Pl, Austin, TX 78748, USA"
564,"500 E Ben White Blvd #1000, Austin, TX 78704, USA"
565,153530906
566,"8800 S 1st St, Austin, TX 78748, USA"
567,"1404 W 30th St, Austin, TX 78703, USA"
568,"2500 Congress Ave, Austin, TX 78701, USA"
569,"1211 W 8th St, Austin, TX 78703, USA"
570,"700 W 26th St, Austin, TX 78705, USA"
571,"2500 Pearl St, Austin, TX 78705, USA"
572,"6300 Thurgood Ave, Austin, TX 78721, USA"
573,151810211
574,"6200 Sneed Cove, Austin, TX 78744, USA"
575,"10021 Jollyville Rd, Austin, TX 78759, USA"
576,"1206 W Koenig Ln, Austin, TX 78756, USA"
577,"9510 N Lamar Blvd, Austin, TX 78753, USA"
578,"5000 Hedgewood Dr, Austin, TX 78745, USA"
579,120941454
580,121970037
581,"5700 Burnet Rd, Austin, TX 78756, USA"
582,"1205 W 6th St, Austin, TX 78703, USA"
583,141832006
584,"700 E Stassney Ln, Austin, TX 78745, USA"
585,"500 E 7th St, Austin, TX 78701, USA"
586,"2800 Guadalupe St, Austin, TX 78705, USA"
587,"401 E 4th St, Austin, TX 78701, USA"
588,"1000 E 8th St, Austin, TX 78702, USA"
589,"8300 Bowling Green Dr, Austin, TX 78757, USA"
590,"7200 Outfitter Drive, Austin, TX 78744, USA"
591,"2100 Manor Rd, Austin, TX 78722, USA"
592,132581328
593,"3500 Presidential Blvd, Austin, TX 78719, USA"
594,141910345
595,"5300 Buffalo Pass, Austin, TX 78745, USA"
596,"1000 Clayton Ln, Austin, TX 78723, USA"
597,"1600 Wheless Ln, Austin, TX 78723, USA"
598,"500 E Stassney Ln, Austin, TX 78745, USA"
599,141741207
600,"7800 Gault St, Austin, TX 78757, USA"
601,"600 Brazos St, Austin, TX 78701, USA"
602,"2400 Willow Hill Dr, Austin, TX 78741, USA"
603,161410116
604,"1100 Chicon St, Austin, TX 78702, USA"
605,"500 Congress Ave, Austin, TX 78701, USA"
606,172981797
607,"8300 N FM 620, Austin, TX 78726, USA"
608,"600 E 15th St, Austin, TX 78701, USA"
609,"Sheraton Ave, Austin, TX 78745, USA"
610,"5300 Cameron Rd, Austin, TX 78723, USA"
611,"10100 Woodstock Dr, Austin, TX 78753, USA"
612,"200 Barton Springs Rd, Austin, TX 78704, USA"
613,"W Anderson Ln, Austin, TX, USA"
614,"3522 Presidential Blvd, Austin, TX 78719, USA"
615,"4900 Russet Hill Dr, Austin, TX 78723, USA"
616,132910496
617,"Employee Ave, Austin, TX 78719, USA"
618,"W Mockingbird Ln, Austin, TX 78745, USA"
619,140021813
620,"1700 E 3rd St, Austin, TX 78702, USA"
621,"Walnut Creek Park Rd, Austin, TX, USA"
622,"1000 Clayton Ln, Austin, TX 78723, USA"
623,"3200 Esperanza Crossing, Austin, TX 78758, USA"
624,"3800 Avenue H, Austin, TX 78751, USA"
625,"800 Grove Blvd, Austin, TX 78741, USA"
626,"302 Lavaca St, Austin, TX 78701, USA"
627,"3000 Lyons Rd, Austin, TX 78702, USA"
628,"10000 Lake Creek Pkwy, Austin, TX 78729, USA"
629,"Manchaca Rd, Austin, TX, USA"
630,"8500 Burnet Rd, Austin, TX 78757, USA"
631,"9000 Northgate Blvd, Austin, TX 78758, USA"
632,"12300 Metric Blvd, Austin, TX 78758, USA"
633,"1200 Radcliff Dr, Austin, TX 78752, USA"
634,131820811
635,"1400 Coronado Hills Dr, Austin, TX 78752, USA"
636,"100 W 2nd St, Austin, TX 78701, USA"
637,"3700 Wilson St, Austin, TX 78704, USA"
638,"300 E 8th St, Austin, TX 78701, USA"
639,"606 W 32nd St, Austin, TX 78705, USA"
640,121080065
641,140590161
642,"6900 Dogwood Hollow, Austin, TX 78750, USA"
643,"6000 Dillard Cir, Austin, TX 78752, USA"
644,"700 Neches St, Austin, TX 78701, USA"
645,"12100 Metric Blvd, Austin, TX 78758, USA"
646,151841044
647,"5700 Nijmegen Dr, Del Valle, TX 78617, USA"
648,"1722 Wickersham Ln, Austin, TX 78741, USA"
649,130661664
650,"3200 Esperanza Crossing, Austin, TX 78758, USA"
651,"800 W 6th St, Austin, TX 78701, USA"
652,"800 Trinity St, Austin, TX 78701, USA"
653,"600 E 15th St, Austin, TX 78701, USA"
654,"2000 E 6th St, Austin, TX 78702, USA"
655,153510135
656,"4315 James Casey St #300, Austin, TX 78745, USA"
657,140940205
658,"5200 Old Spicewood Springs Rd, Austin, TX 78759, USA"
659,"7200 Ellington Cir, Austin, TX 78724, USA"
660,"10900 Research Blvd #160c, Austin, TX 78759, USA"
661,"10000 Stonelake Blvd, Austin, TX 78759, USA"
662,"2900 Crownspoint Dr, Austin, TX 78748, USA"
663,"501 E Koenig Ln, Austin, TX 78751, USA"
664,"6700 Middle Fiskville Rd, Austin, TX 78752, USA"
665,"7000 Decker Ln, Austin, TX 78724, USA"
666,"11500 Pecan Creek Pkwy, Austin, TX 78750, USA"
667,"600 E 15th St, Austin, TX 78701, USA"
668,"8600 Martindale Dr, Austin, TX 78759, USA"
669,"3764 Mt Bonnell Rd, Austin, TX 78731, USA"
670,"1000 Norwood Park Blvd, Austin, TX 78752, USA"
671,130971512
672,"2200 Muroc St, Austin, TX 78757, USA"
673,"2212 San Gabriel St, Austin, TX 78705, USA"
674,"N Lamar Blvd, Austin, TX, USA"
675,"1400 E 12th St, Austin, TX 78702, USA"
676,"2500 Western Trails Blvd, Austin, TX 78745, USA"
677,"2000 E 2nd St, Austin, TX 78702, USA"
678,"1200 Tartan Ln, Austin, TX 78753, USA"
679,"2000 S 1st St, Austin, TX 78704, USA"
680,"4100 Governors Row, Austin, TX 78744, USA"
681,"600 Trinity St, Austin, TX 78701, USA"
682,120861128
683,"3000 Enfield Rd, Austin, TX 78703, USA"
684,"2000 E Oltorf St, Austin, TX 78741, USA"
685,"S Pleasant Valley Rd, Austin, TX, USA"
686,162391902
687,"Austin, TX, USA"
688,120210818
689,"8500 Dryfield Dr, Austin, TX 78758, USA"
690,"3300 Montopolis Dr, Austin, TX 78744, USA"
691,"12900 Water Mill Cove, Austin, TX 78729, USA"
692,"1300 E 3rd St, Austin, TX 78702, USA"
693,"9600 Stonebridge Dr, Austin, TX 78758, USA"
694,122341930
695,131811187
696,"200 W Applegate Dr, Austin, TX 78753, USA"
697,"5100 Cameron Rd, Austin, TX 78723, USA"
698,"6700 Burnet Ln, Austin, TX 78757, USA"
699,"Austin, TX 78701, USA"
700,"500 E 7th St, Austin, TX 78701, USA"
701,"9000 Northgate Blvd, Austin, TX 78758, USA"
702,"9400 N Lamar Blvd, Austin, TX 78753, USA"
703,"12300 Hunters Chase Dr, Austin, TX 78729, USA"
704,"200 E 7th St, Austin, TX 78701, USA"
705,130991569
706,171750230
707,"1200 W 38th St, Austin, TX 78705, USA"
708,"E Oltorf St, Austin, TX, USA"
709,"4400 Manchaca Rd, Austin, TX 78745, USA"
710,"9100 Japonica Ct, Austin, TX 78748, USA"
711,"1200 W Live Oak St, Austin, TX 78704, USA"
712,151440533
713,152061417
714,"600 N Lamar Blvd, Austin, TX 78703, USA"
715,170460151
716,"1000 Norwood Park Blvd, Austin, TX 78752, USA"
717,"2058 Park Bend Dr, Austin, TX 78758, USA"
718,131910929
719,"5600 Manor Rd, Austin, TX 78723, USA"
720,"500 E 7th St, Austin, TX 78701, USA"
721,"10000 Emma Browning Ave, Austin, TX 78719, USA"
722,"400 E 5th St, Austin, TX 78701, USA"
723,132381488
724,"8600 Putnam Dr, Austin, TX 78757, USA"
725,"1600 E Riverside Dr, Austin, TX 78741, USA"
726,"300 E 17th St, Austin, TX 78701, USA"
727,"1500 Rosewood Ave, Austin, TX 78702, USA"
728,123531260
729,"11000 Jordan Ln, Austin, TX 78758, USA"
730,"8500 Brodie Ln, Austin, TX 78745, USA"
731,132071782
732,141020880
733,142410652
734,"40 I-35, Austin, TX 78701, USA"
735,"4200 S Lamar Blvd, Austin, TX 78704, USA"
736,"3000 W William Cannon Dr, Austin, TX 78745, USA"
737,"400 Little Texas Ln, Austin, TX 78745, USA"
738,"500 Trinity St, Austin, TX 78701, USA"
739,122120567
740,"9532 Spirit of Austin Ln, Austin, TX 78719, USA"
741,"4900 Springdale Rd, Austin, TX 78723, USA"
742,"400 W 38th St, Austin, TX 78705, USA"
743,121841218
744,"1200 Broadmoor Dr, Austin, TX 78723, USA"
745,"2700 W William Cannon Dr, Austin, TX 78745, USA"
746,"9600 Dessau Rd, Austin, TX 78753, USA"
747,"200 San Jacinto Blvd, Austin, TX 78701, USA"
748,"11800 Jollyville Rd, Austin, TX 78759, USA"
749,"15059 TX-64, Tyler, TX 75704, USA"
750,140620503
751,"100 E 5th St, Austin, TX 78701, USA"
752,142780482
753,160691258
754,"1139 W Braker Ln #103, Austin, TX 78758, USA"
755,"1000 Collinwood W Dr, Austin, TX 78753, USA"
756,"Austin, TX, USA"
757,"3800 Walnut Clay Dr, Austin, TX 78731, USA"
758,"1500 W 6th St, Austin, TX 78703, USA"
759,133231814
760,"701 W 28th St, Austin, TX 78705, USA"
761,"11000 Burnet Rd, Austin, TX 78758, USA"
762,"2000 Cedar Bend Dr, Austin, TX 78758, USA"
763,"1500 Barton Springs Rd, Austin, TX 78704, USA"
764,"2900 Pecan Springs Rd, Austin, TX 78723, USA"
765,"3210 E Martin Luther King Jr Blvd, Austin, TX 78721, USA"
766,"9200 Northgate Blvd, Austin, TX 78758, USA"
767,"1800 Guadalupe St, Austin, TX 78701, USA"
768,"900 E Riverside Dr, Austin, TX 78704, USA"
769,"8200 Guadalupe St, Austin, TX 78753, USA"
770,172941823
771,"500 E 7th St, Austin, TX 78701, USA"
772,152530679
773,"6300 Salcon Cliff Dr, Austin, TX 78749, USA"
774,"Harpers Ferry Ln, Austin, TX, USA"
775,172140946
776,132390881
777,"2000 Cedar Bend Dr, Austin, TX 78758, USA"
778,"2500 Northland Dr, Austin, TX 78756, USA"
779,"600 Guadalupe St, Austin, TX 78701, USA"
780,131761593
781,140981141
782,"11300 Oak Knoll Dr, Austin, TX 78759, USA"
783,"700 E 8th St, Austin, TX 78701, USA"
784,"5606 Ponciana Dr, Austin, TX 78744, USA"
785,"1600 Ashberry Dr, Austin, TX 78723, USA"
786,"9100 S 1st St, Austin, TX 78748, USA"
787,"2700 Foster Ln, Austin, TX 78757, USA"
788,"Neches St, Austin, TX 78701, USA"
789,"100 W 2nd St, Austin, TX 78701, USA"
790,142410970
791,"9100 Ipswich Bay Dr, Austin, TX 78747, USA"
792,"1700 E 4th St, Austin, TX 78702, USA"
793,131450113
794,"4000 Victory Dr, Austin, TX 78704, USA"
795,"Austin, TX 78701, USA"
796,"1600 Wheless Ln, Austin, TX 78723, USA"
797,"8300 Mauai Dr, Austin, TX 78749, USA"
798,141041912
799,"4500 E St Elmo Rd, Austin, TX 78744, USA"
800,141430809
801,"500 W 38th St, Austin, TX 78705, USA"
802,"7200 Easy Wind Dr, Austin, TX 78752, USA"
803,"2400 Sturgis Ln, Austin, TX 78748, USA"
804,"Sally Lunn Way, Pflugerville, TX 78660, USA"
805,"Bee Creek Hills, Austin, TX 78746, USA"
806,"1000 Norwood Park Blvd, Austin, TX 78752, USA"
807,"13087 Research Blvd, Austin, TX 78750, USA"
808,"1000 Arthur Stiles Rd, Austin, TX 78721, USA"
809,"1000 Springdale Rd, Austin, TX 78702, USA"
810,"1900 Nash Hernandez Senior Rd, Austin, TX 78702, USA"
811,122210586
812,121521394
813,"600 Masterson Pass, Austin, TX 78753, USA"
814,"1800 W Rundberg Ln, Austin, TX 78758, USA"
815,"6000 Shepherd Mountain Cove, Austin, TX 78730, USA"
816,"Burton Dr, Austin, TX 78741, USA"
817,"2500 S 1st St, Austin, TX 78704, USA"
818,170940927
819,"1900 Three Points Rd, Austin, TX 78728, USA"
820,142861567
821,"700 Congress Ave, Austin, TX 78701, USA"
822,"Austin, TX 78701, USA"
823,152840626
824,"1600 Grove Blvd, Austin, TX 78741, USA"
825,"3604 Presidential Blvd, Austin, TX 78719, USA"
826,"8400 Tecumseh Dr, Austin, TX 78753, USA"
827,"7300 Lazy Creek Dr, Austin, TX 78724, USA"
828,"10400 Leaning Willow Dr, Austin, TX 78758, USA"
829,151521751
830,"6900 Airport Blvd, Austin, TX 78752, USA"
831,"7300 Cooper Ln, Austin, TX 78745, USA"
832,"2600 Gracy Farms Ln, Austin, TX 78758, USA"
833,"801 E William Cannon Dr #300, Austin, TX 78745, USA"
834,"Bluebonnet Ln, Austin, TX 78704, USA"
835,"3664 Lake Austin Blvd, Austin, TX 78703, USA"
836,"9300 Neils Thompson Dr, Austin, TX 78758, USA"
837,"12611 N Hwy 183, Austin, TX 78759, United States"
838,"8500 Red Willow Dr, Austin, TX 78736, USA"
839,150221222
840,"800 Congress Ave, Austin, TX 78701, USA"
841,"3000 Oak Park Dr, Austin, TX 78704, USA"
842,"404 Atlanta St, Austin, TX 78703, USA"
843,"400 E 6th St, Austin, TX 78701, USA"
844,172780526
845,"400 Crockett St, Austin, TX 78704, USA"
846,142711397
847,"2800 St Edwards Cir, Austin, TX 78704, USA"
848,"Yaupon Dr, Austin, TX 78759, USA"
849,"1900 Barge St, Austin, TX 78745, USA"
850,"FM1825, Austin, TX 78660, USA"
851,"4400 Duval Rd, Austin, TX 78727, USA"
852,120410013
853,"100 The Cir, Austin, TX 78704, USA"
854,"7300 McNeil Dr, Austin, TX 78729, USA"
855,"5914 Middle Fiskville Rd, Austin, TX 78752, USA"
856,130441544
857,"500 E 8th St, Austin, TX 78701, USA"
858,"Austin, TX 78704, USA"
859,"300 Ferguson Dr, Austin, TX 78753, USA"
860,"2000 Rutland Dr, Austin, TX 78758, USA"
861,"516 W Oltorf St, Austin, TX 78704, USA"
862,"9414 Parkfield Dr, Austin, TX 78758, USA"
863,"9800 Talleyran Dr, Austin, TX 78750, USA"
864,"12330 S IH 35 Frontage Rd, Austin, TX 78753, USA"
865,"10400 Little Pebble Dr, Austin, TX 78758, USA"
866,"6100 Fairway St, Austin, TX 78741, USA"
867,"11000 Liberty Farms Dr, Austin, TX 78754, USA"
868,"4600 Loyola Ln, Austin, TX 78723, USA"
869,"Willow Creek Dr, Austin, TX 78741, USA"
870,"2400 Durwood St, Austin, TX 78704, USA"
871,"1 Margranita Crescent, Austin, TX 78703, USA"
872,"600W 8th St, Austin, TX 78701, USA"
873,"1616 W 6th St, Austin, TX 78703, USA"
874,"5500 Basswood Ln, Austin, TX 78723, USA"
875,"8200 TX-71, Austin, TX 78735, USA"
876,"6900 Guadalupe St, Austin, TX 78752, USA"
877,"800 Fairfield Dr, Austin, TX 78758, USA"
878,160940319
879,"1300 Lavaca St, Austin, TX 78701, USA"
880,"1100 Kingsbury St, Austin, TX 78703, USA"
881,"850 Ed Bluestein Blvd, Austin, TX 78721, USA"
882,"Austin, TX 78704, USA"
883,"502 Austin Ave, Waco, TX 76701, USA"
884,"3518 Presidential Blvd, Austin, TX 78719, USA"
885,"9100 Janabyrd Cove, Austin, TX 78749, USA"
886,"800 W St Johns Ave, Austin, TX 78752, USA"
887,"6400 Springdale Rd, Austin, TX 78723, USA"
888,162220515
889,"12400 Los Indios Trail, Austin, TX 78729, USA"
890,"2300 Sheri Oak Ln, Austin, TX 78748, USA"
891,"5809 Westslope Dr, Austin, TX 78731, USA"
892,"816 Congress Ave # 1260, Austin, TX 78701, USA"
893,"3235 E Cesar Chavez St, Austin, TX 78702, USA"
894,"5000 Airport Blvd, Austin, TX 78751, USA"
895,"814 E William Cannon Dr, Austin, TX 78745, USA"
896,"5500 Pine Pl, Austin, TX 78744, USA"
897,"8801 N FM 620, Austin, TX 78726, USA"
898,"5400 Wasson Rd, Austin, TX 78745, USA"
899,130890160
900,140490487
901,"710 E Ben White Blvd, Austin, TX 78704, USA"
902,"1500 Barton Springs Rd, Austin, TX 78704, USA"
903,"E Powell Ln, Austin, TX 78753, USA"
904,"700 E 7th St, Austin, TX 78701, USA"
905,"600 Davis St, Austin, TX 78701, USA"
906,"2400 W Anderson Ln, Austin, TX 78757, USA"
907,"S Mary Moore Searight Dr, Austin, TX 78748, USA"
908,"1000 E 14th St, Austin, TX 78702, USA"
909,"Melrose Trail, Austin, TX, USA"
910,163211141
911,"W William Cannon Dr, Austin, TX, USA"
912,"2800 S Lakeline Blvd, Cedar Park, TX 78613, USA"
913,"2700 Exposition Blvd, Austin, TX 78703, USA"
914,"700 Red River St, Austin, TX 78701, USA"
915,162560916
916,"8200 Sam Rayburn Dr, Austin, TX 78753, USA"
917,"Reinli St, Austin, TX, USA"
918,"2300 Coronado St, Austin, TX 78702, USA"
919,"3105 Manchaca Rd # A, Austin, TX 78704, USA"
920,140261415
921,"1100 Mason Ave, Austin, TX 78721, USA"
922,"3100 Presidential Blvd, Austin, TX 78719, USA"
923,"1800 Willow Creek Dr, Austin, TX 78741, USA"
924,"12611 N Hwy 183, Austin, TX 78759, United States"
925,"7200 Barnsdale Way, Austin, TX 78745, USA"
926,"7500 S IH 35 Frontage Rd, Austin, TX 78745, USA"
927,"7100 Brodie Ln, Austin, TX 78745, USA"
928,"2700 Shoal Creek Blvd, Austin, TX, USA"
929,"2400 Rosewood Ave, Austin, TX 78702, USA"
930,142970221
931,"10800 N Canoa Hills Trail, Austin, TX 78717, USA"
932,151611182
933,"1900 E Martin Luther King Jr Blvd, Austin, TX 78702, USA"
934,"400 E 7th St, Austin, TX 78701, USA"
935,"1500 W 6th St, Austin, TX 78703, USA"
936,"900 Ken St, Austin, TX 78758, USA"
937,"4900 Mueller Blvd, Austin, TX 78723, USA"
938,"5100 Nixon Ln, Austin, TX 78725, USA"
939,"1100 Nash Hernandez Senior Rd, Austin, TX 78702, USA"
940,"1100 Blanco St, Austin, TX 78703, USA"
941,"FM1825, Austin, TX 78660, USA"
942,131330572
943,150910645
944,"11000 Pecan Park Blvd, Austin, TX 78750, USA"
945,"8000 Gault St, Austin, TX 78757, USA"
946,"2600 Santa Rosa St, Austin, TX 78702, USA"
947,"Austin, TX 78701, USA"
948,130361286
949,"5804 Loyola Ln, Austin, TX 78724, USA"
950,"4500 E Stassney Ln, Austin, TX 78744, USA"
951,141520608
952,"300 Masterson Pass, Austin, TX 78753, USA"
953,"11600 S Interstate 35 Frontage Rd, New Braunfels, TX 78130, USA"
954,"7811 Burleson Manor Rd, Manor, TX 78653, USA"
955,"4408 Long Champ Dr, Austin, TX 78746, USA"
956,"3328 Presidential Blvd, Austin, TX 78719, USA"
957,"0 Rainey St, Austin, TX 78701, USA"
958,"12100 N Lamar Blvd, Austin, TX 78753, USA"
959,131430996
960,140400551
961,"11900 Stonehollow Dr, Austin, TX 78758, USA"
962,161670531
963,"400 Thompson Ln, Austin, TX 78742, USA"
964,"1000 Bodark Ln, Austin, TX 78745, USA"
965,"2200 Donley Dr, Austin, TX 78758, USA"
966,162710016
967,"900 Springdale Rd, Austin, TX 78702, USA"
968,162360120
969,"2700 Hoeke Ln, Austin, TX 78744, USA"
970,"1006 E 39th St, Austin, TX 78751, USA"
971,"6700 Colony Park Dr, Austin, TX 78724, USA"
972,"Austin, TX 78712, USA"
973,"12000 Dessau Rd, Austin, TX 78754, USA"
974,"2000 E Martin Luther King Jr Blvd, Austin, TX 78702, USA"
975,"2300 Rutland Dr, Austin, TX 78758, USA"
976,"1600 E Slaughter Ln, Austin, TX 78744, USA"
977,143561966
978,"2300 S Pleasant Valley Rd, Austin, TX 78741, USA"
979,"3400 W William Cannon Dr, Austin, TX 78745, USA"
980,"5400 E Riverside Dr, Austin, TX 78741, USA"
981,162510381
982,"2700 Spirit of Texas Dr, Austin, TX 78719, USA"
983,"2400 E 6th St, Austin, TX 78702, USA"
984,"1900 Webberville Rd, Austin, TX 78721, USA"
985,"400 E 5th St, Austin, TX 78701, USA"
986,162110388
987,"5700 Teri Rd, Austin, TX 78744, USA"
988,"10900 Anderson Mill Rd, Austin, TX 78750, USA"
989,142751175
990,"E 4th St, Austin, TX, USA"
991,"3400 Willowrun Dr, Austin, TX 78704, USA"
992,151430941
993,"6200 Loyola Ln, Austin, TX 78724, USA"
994,"600 E 6th St, Austin, TX 78701, USA"
995,"3600 Southridge Dr, Austin, TX 78704, USA"
996,"2800 Warren St, Austin, TX 78703, USA"
997,121631495
998,"20 Airport Blvd, Austin, TX 78741, USA"
999,"400 E 6th St, Austin, TX 78701, USA"
1000,"1300 Newning Ave, Austin, TX 78704, USA"
1001,"8300 Renton Dr, Austin, TX 78757, USA"
1002,"300 E 6th St, Austin, TX 78701, USA"
1003,"614 N Commons Ford Rd, Austin, TX 78733, USA"
1004,"2600 S Pleasant Valley Rd, Austin, TX 78741, USA"
1005,"3800 S Congress Ave, Austin, TX 78704, USA"
1006,130611781
1007,"5400 Chesterfield Ave, Austin, TX 78751, USA"
1008,133010875
1009,"9800 Stonelake Blvd, Austin, TX 78759, USA"
1010,"3800 Mt Bonnell Rd, Austin, TX 78731, USA"
1011,"1000 E 41st St, Austin, TX 78751, USA"
1012,"4100 Freidrich Ln, Austin, TX 78744, USA"
1013,"1300 W 5th St, Austin, TX 78703, USA"
1014,"400 Ralph Ablanedo Dr, Austin, TX 78748, USA"
1015,"500 W 11th St, Austin, TX 78701, USA"
1016,"300 W 2nd St, Austin, TX 78701, USA"
1017,131941285
1018,161101436
1019,"Austin, TX 78701, USA"
1020,"6900 Woodrow Ave, Austin, TX 78757, USA"
1021,"1800 Nicole Cir, Round Rock, TX 78664, USA"
1022,132070330
1023,"1610 Linscomb Ave, Austin, TX 78704, USA"
1024,"12611 N Hwy 183, Austin, TX 78759, United States"
1025,"5500 Prock Ln, Austin, TX 78721, USA"
1026,"9218 Balcones Club Dr, Austin, TX 78750, USA"
1027,172291087
1028,"2000 Airport Blvd, Austin, TX 78722, USA"
1029,"6000 S Congress Ave, Austin, TX 78745, USA"
1030,"3500 Mills Ave, Austin, TX 78731, USA"
1031,"9300 Northgate Blvd, Austin, TX 78758, USA"
1032,"2300 E William Cannon Dr, Austin, TX 78744, USA"
1033,"1200 Kramer Ln, Austin, TX 78758, USA"
1034,"700 W Longspur Blvd, Austin, TX 78753, USA"
1035,"700 W Stassney Ln, Austin, TX 78745, USA"
1036,"3100 Rogge Ln, Austin, TX 78723, USA"
1037,"2400 Santa Rita St, Austin, TX 78702, USA"
1038,"100 E 10th St, Austin, TX 78701, USA"
1039,172231073
1040,"8001 S IH 35 Frontage Rd, Austin, TX 78744, USA"
1041,"7200 Ritchie Dr, Austin, TX 78724, USA"
1042,"FM2304, Austin, TX, USA"
1043,"3000 Harris Park Ave, Austin, TX 78705, USA"
1044,"2100 Bitter Creek Dr, Austin, TX 78744, USA"
1045,121600719
1046,"1000 Colony N Dr, Austin, TX 78758, USA"
1047,"2700 Santa Rosa St, Austin, TX 78702, USA"
1048,"1400 E Rundberg Ln, Austin, TX 78753, USA"
1049,"13200 N Lamar Blvd, Austin, TX 78753, USA"
1050,"2200 Montopolis Dr, Austin, TX 78741, USA"
1051,170340264
1052,"14900 Swiss Dr, Del Valle, TX 78617, USA"
1053,160781387
1054,"1300 W Rundberg Ln, Austin, TX 78758, USA"
1055,"7000 Stonleigh Pl, Austin, TX 78744, USA"
1056,"10900 River Plantation Dr, Austin, TX 78747, USA"
1057,"11200 Prairie Dove Cir, Austin, TX 78758, USA"
1058,"10108 Golden Meadow Dr, Austin, TX 78758, USA"
1059,"800 W 6th St, Austin, TX 78701, USA"
1060,"1500 Weyford Dr, Austin, TX 78757, USA"
1061,"8000 Burnet Rd, Austin, TX 78757, USA"
1062,"7500 Redrick Dr, Austin, TX 78747, USA"
1063,"900 Battle Bend Blvd, Austin, TX 78745, USA"
1064,"400 W 14th St, Austin, TX 78701, USA"
1065,"211 E 7th St, Austin, TX 78701, USA"
1066,"600 E 15th St, Austin, TX 78701, USA"
1067,122041560
1068,"623 W Dittmar Rd, Austin, TX 78745, USA"
1069,132831473
1070,"237 S Pleasant Valley Rd, Austin, TX 78741, USA"
1071,141171221
1072,"2004 Bitter Creek Dr, Austin, TX 78744, USA"
1073,"12600 N Lamar Blvd, Austin, TX 78753, USA"
1074,"517 S Lamar Blvd, Austin, TX 78704, USA"
1075,"400 E 7th St, Austin, TX 78701, USA"
1076,"3800 Berkman Dr, Austin, TX 78722, USA"
1077,160341224
1078,120440175
1079,"3800 Mt Bonnell Rd, Austin, TX 78731, USA"
1080,"600 Westmorland Dr, Austin, TX 78745, USA"
1081,120111072
1082,"6800 Windrift Way, Austin, TX 78745, USA"
1083,"3900 Balcones Dr, Austin, TX 78731, USA"
1084,140750064
1085,"100 W 7th St, Austin, TX 78701, USA"
1086,"Austin, TX 78701, USA"
1087,"6100 Pizer St, Austin, TX 78724, USA"
1088,"1000 E Dean Keeton St, Austin, TX 78705, USA"
1089,"6200 Davis Ln, Austin, TX 78749, USA"
1090,"9600 South IH-35 Service Road Sb, Austin, TX 78748, United States"
1091,"6101 W Slaughter Ln, Austin, TX 78749, USA"
1092,"5700 Grover Ave, Austin, TX 78756, USA"
1093,"500 W William Cannon Dr, Austin, TX 78745, USA"
1094,"1500 Scenic Dr, Austin, TX 78703, USA"
1095,"Frontier Valley Dr, Austin, TX 78741, USA"
1096,"600 E 11th St, Austin, TX 78701, USA"
1097,121802109
1098,"240 E William Cannon Dr, Austin, TX 78745, USA"
1099,122911965
1100,"800 Newman Dr, Austin, TX 78703, USA"
1101,"9500 N Lamar Blvd, Austin, TX 78753, USA"
1102,"1100 Rutland Dr, Austin, TX 78758, USA"
1103,162790432
1104,"Austin, TX 78701, USA"
1105,"400 W 10th St, Austin, TX 78701, USA"
1106,"W Canyon Ridge Dr, Austin, TX, USA"
1107,"9800 Oriole Dr, Austin, TX 78753, USA"
1108,"3800 S Congress Ave, Austin, TX 78704, USA"
1109,"1500 Faro Dr, Austin, TX 78741, USA"
1110,"1000 Norwood Park Blvd, Austin, TX 78752, USA"
1111,"1500 Reagan Hill Dr, Austin, TX 78752, USA"
1112,"700 Kinney Ave, Austin, TX 78704, USA"
1113,"1600 W 6th St, Austin, TX 78703, USA"
1114,"4200 W Parmer Ln, Austin, TX 78727, USA"
1115,152230702
1116,160831023
1117,"7900 Georgian Dr, Austin, TX 78752, USA"
1118,"3600 Presidential Blvd, Austin, TX 78719, USA"
1119,151810615
1120,"1200 S Meadows Dr, Austin, TX 78758, USA"
1121,"10500 Mellow Meadow Dr, Austin, TX 78750, USA"
1122,130611933
1123,150540433
1124,"12200 Hunters Chase Dr, Austin, TX 78729, USA"
1125,"6610 Burnet Rd, Austin, TX 78757, USA"
1126,"Pecan Springs Rd, Austin, TX 78723, USA"
1127,"1500 Travis Heights Blvd, Austin, TX 78704, USA"
1128,160780794
1129,"600 Neches St, Austin, TX 78701, USA"
1130,163041009
1131,"4500 Wild Dunes Ct, Austin, TX 78747, USA"
1132,"1900 Barge St, Austin, TX 78745, USA"
1133,"2400 Columbus Dr, Austin, TX 78746, USA"
1134,"4800 Seton Center Pkwy, Austin, TX 78759, USA"
1135,"1200 N Lamar Blvd, Austin, TX 78703, USA"
1136,"6700 S 1st St, Austin, TX 78745, USA"
1137,"1300 E Oltorf St, Austin, TX 78704, USA"
1138,"300 E 8th St, Austin, TX 78701, USA"
1139,"2800 Guadalupe St, Austin, TX 78705, USA"
1140,"2400 Guadalupe St, Austin, TX 78705, USA"
1141,"San Jacinto Blvd, Austin, TX, USA"
1142,"600 W Powell Ln, Austin, TX 78753, USA"
1143,"7100 Creighton Ln, Austin, TX 78723, USA"
1144,"2505 Parmer Ln, Austin, TX 78727, USA"
1145,"1501 S MoPac Expy, Austin, TX 78746, USA"
1146,"3600 Govalle Ave, Austin, TX 78702, USA"
1147,130731624
1148,"4500 Mueller Blvd, Austin, TX 78723, USA"
1149,162220377
1150,"300 E 6th St, Austin, TX 78701, USA"
1151,"3625 1/2 Lake Austin Blvd, Austin, TX 78703, USA"
1152,"Austin, TX 78701, USA"
1153,"7100 McNeil Dr, Austin, TX 78729, USA"
1154,"700 W William Cannon Dr, Austin, TX 78745, USA"
1155,"1600 Nash Hernandez Senior Rd, Austin, TX 78702, USA"
1156,120771099
1157,132690181
1158,"910 W 25th St, Austin, TX 78705, USA"
1159,160540866
1160,"500 W 6th St, Austin, TX 78701, USA"
1161,131871410
1162,"7500 Uray Dr, Austin, TX 78724, USA"
1163,"2000 E Oltorf St, Austin, TX 78741, USA"
1164,"E 11th St, Austin, TX, USA"
1165,162161088
1166,121551622
1167,"6300 Ayres Dr, Austin, TX 78746, USA"
1168,"9900 Anderson Mill Rd, Austin, TX 78750, USA"
1169,"5700 Palo Blanco Ln, Austin, TX 78744, USA"
1170,"4900 Pewter Ln, Austin, TX 78744, USA"
1171,"1600 Garden St, Austin, TX 78702, USA"
1172,"11600 Century Oaks Terrace, Austin, TX 78758, USA"
1173,"1200 S Lamar Blvd, Austin, TX 78704, USA"
1174,"1800 Burton Dr, Austin, TX 78741, USA"
1175,"3000 Harris Park Ave, Austin, TX 78705, USA"
1176,"2900 W Anderson Ln, Austin, TX 78757, USA"
1177,133480520
1178,"2400 Congress Ave, Austin, TX 78701, USA"
1179,"2600 Canterbury St, Austin, TX 78702, USA"
1180,"5100 N Lamar Blvd, Austin, TX 78751, USA"
1181,122251439
1182,131381513
1183,"1100 Kingsbury St, Austin, TX 78703, USA"
1184,"Austin, TX 78701, USA"
1185,"2400 W Slaughter Ln, Austin, TX 78748, USA"
1186,"14000 S Interstate 35 Frontage Rd, New Braunfels, TX 78130, USA"
1187,"9600 Middle Fiskville Rd, Austin, TX 78753, USA"
1188,"7100 Crosswood Dr, Austin, TX 78745, USA"
1189,150250829
1190,"5500 City Park Rd, Austin, TX 78730, USA"
1191,"9900 Briar Ridge Dr, Austin, TX 78748, USA"
1192,170961953
1193,"800 N Meadows Dr, Austin, TX 78758, USA"
1194,142171334
1195,152311335
1196,"400 Colorado St, Austin, TX 78701, USA"
1197,"1000 Broadview St, Austin, TX 78723, USA"
1198,"700 Woodward St, Austin, TX 78704, USA"
1199,"5000 Burnet Rd, Austin, TX 78756, USA"
1200,161880117
1201,"4500 Kalama Dr, Austin, TX 78749, USA"
1202,"476, 500 W Canyon Ridge Dr, Austin, TX 78753, USA"
1203,"10100 Escarpment Blvd, Austin, TX 78739, USA"
1204,130311465
1205,"Staked Plains Dr, Austin, TX 78717, USA"
1206,"500 E 9th St, Austin, TX 78701, USA"
1207,"9500 Spectrum Dr, Austin, TX 78717, USA"
1208,"8930 Burnet Rd, Austin, TX 78757, USA"
1209,"1300 Mckie Dr, Austin, TX 78752, USA"
1210,"500 Brazos St, Austin, TX 78701, USA"
1211,"1900 Westridge Dr, Austin, TX 78704, USA"
1212,"7500 Hardy Dr, Austin, TX 78757, USA"
1213,"4100 Guadalupe St, Austin, TX 78751, USA"
1214,"411 W Martin Luther King Jr Blvd, Austin, TX 78701, USA"
1215,"400 Colorado St, Austin, TX 78701, USA"
1216,"500 E 6th St, Austin, TX 78701, USA"
1217,"400 E 6th St, Austin, TX 78701, USA"
1218,"500 E Annie St, Austin, TX 78704, USA"
1219,"6200 E Riverside Dr, Austin, TX 78741, USA"
1220,"6200 Adalee Ave, Austin, TX 78723, USA"
1221,131870702
1222,"12611 N Hwy 183, Austin, TX 78759, United States"
1223,142251851
1224,"6610 Burnet Rd, Austin, TX 78757, USA"
1225,141510479
1226,"2400 Wickersham Ln, Austin, TX 78741, USA"
1227,"5500 Avenue F, Austin, TX 78751, USA"
1228,"1000 Clayton Ln, Austin, TX 78723, USA"
1229,"2300 Durwood St, Austin, TX 78704, USA"
1230,172670317
1231,"3300 S Oak Dr, Austin, TX 78704, USA"
1232,130680988
1233,"500 E 7th St, Austin, TX 78701, USA"
1234,"1006 E Yager Ln, Austin, TX 78753, USA"
1235,"1600 Montopolis Dr, Austin, TX 78741, USA"
1236,161101901
1237,"500 Sabine St, Austin, TX 78701, USA"
1238,120130968
1239,"3303 Serene Hills Dr, Lakeway, TX 78738, USA"
1240,"0 East Ave, Austin, TX 78701, USA"
1241,"500 E Ben White Blvd #1000, Austin, TX 78704, USA"
1242,"11800 Jollyville Rd, Austin, TX 78759, USA"
1243,"6900 Breezy Pass, Austin, TX 78749, USA"
1244,"8200 N Lamar Blvd, Austin, TX 78753, USA"
1245,130810611
1246,132691649
1247,142041946
1248,"2400 Cromwell Cir, Austin, TX 78741, USA"
1249,"3500 Webberville Rd, Austin, TX 78702, USA"
1250,"3300 Manor Rd, Austin, TX 78723, USA"
1251,"2500 Lavendale Ct, Austin, TX 78748, USA"
1252,"900 W 22nd St, Austin, TX 78705, USA"
1253,"6800 Branchwood Dr, Austin, TX 78744, USA"
1254,121711132
1255,"8300 Cochrane Cove, Austin, TX 78757, USA"
1256,"1000 Justin Ln, Austin, TX 78757, USA"
1257,"11300 Boulder Ln, Austin, TX 78726, USA"
1258,151900927
1259,"2200 Barton Springs Rd, Austin, TX 78746, USA"
1260,"600W 8th St, Austin, TX 78701, USA"
1261,"10422 Lake Creek Pkwy, Austin, TX 78750, USA"
1262,"500 Trinity St, Austin, TX 78701, USA"
1263,"600 Guadalupe St, Austin, TX 78701, USA"
1264,"3400 E Martin Luther King Jr Blvd, Austin, TX 78721, USA"
1265,"2400 Cromwell Cir, Austin, TX 78741, USA"
1266,130470636
1267,"Neches St, Austin, TX 78701, USA"
1268,"5700 Manor Rd, Austin, TX 78723, USA"
1269,"12300 Metric Blvd, Austin, TX 78758, USA"
1270,"14800 Avery Ranch Blvd, Austin, TX 78717, USA"
1271,"2400 San Gabriel St, Austin, TX 78705, USA"
1272,"2900 Sunridge Dr, Austin, TX 78741, USA"
1273,"400 Congress Ave, Austin, TX 78701, USA"
1274,"7100 Geneva Dr, Austin, TX 78723, USA"
1275,"6100 Atwood St, Austin, TX 78741, USA"
1276,"9500 N Lamar Blvd, Austin, TX 78753, USA"
1277,"400 E 6th St, Austin, TX 78701, USA"
1278,"8000 Gessner Dr, Austin, TX 78753, USA"
1279,"8000 Burnet Rd, Austin, TX 78757, USA"
1280,"3800 E 12th St, Austin, TX 78721, USA"
1281,"6500 Decker Ln, Austin, TX 78724, USA"
1282,"9800 Stonelake Blvd, Austin, TX 78759, USA"
1283,"6700 Burnet Ln, Austin, TX 78757, USA"
1284,"800 W Cesar Chavez St, Austin, TX 78703, USA"
1285,"1000 Edgecliff Terrace, Austin, TX 78704, USA"
1286,"1500 W Parmer Ln, Austin, TX 78727, USA"
1287,"7100 Alegre Pass, Austin, TX 78744, USA"
1288,172441639
1289,"Austin, TX 78704, USA"
1290,"Mckie Dr, Austin, TX 78752, USA"
1291,"4800 Fairview Dr, Austin, TX 78731, USA"
1292,170460145
1293,"10001 Manchaca Rd, Austin, TX 78748, USA"
1294,"1100 E 12th St, Austin, TX 78702, USA"
1295,"200 Lavaca St, Austin, TX 78701, USA"
1296,"2800 Webberville Rd, Austin, TX 78702, USA"
1297,"5200 Burnet Rd, Austin, TX 78756, USA"
1298,"6600 Ashland Dr, Austin, TX 78723, USA"
1299,151300891
1300,"4000 W Parmer Ln, Austin, TX 78727, USA"
1301,"800 E Cesar Chavez St, Austin, TX 78702, USA"
1302,"2500 E Riverside Dr, Austin, TX 78741, USA"
1303,161521703
1304,"1200 E 52nd St, Austin, TX 78723, USA"
1305,"400 E 6th St, Austin, TX 78701, USA"
1306,"1000 Norwood Park Blvd, Austin, TX 78752, USA"
1307,"1701 E 11th St, Austin, TX 78702, USA"
1308,"2200 S 3rd St, Austin, TX 78704, USA"
1309,162881034
1310,172230933
1311,130941196
1312,"7800 San Felipe Blvd, Austin, TX 78729, USA"
1313,171421029
1314,"3300 W Slaughter Ln, Austin, TX 78748, USA"
1315,"2000 E Riverside Dr, Austin, TX 78741, USA"
1316,"7900 Thaxton Rd, Austin, TX 78747, USA"
1317,"6601 Cameron Rd, Austin, TX 78752, USA"
1318,"6600 Beauford Dr, Austin, TX 78750, USA"
1319,"1200 W Rundberg Ln, Austin, TX 78758, USA"
1320,"800 W Annie St, Austin, TX 78704, USA"
1321,"5000 Nuckols Crossing Rd, Austin, TX 78744, USA"
1322,"Barton Springs Pool South Gate, 900-, 1076 Robert E Lee Rd, Austin, TX 78704, United States"
1323,120782078
1324,"9900 N Lamar Blvd, Austin, TX 78753, USA"
1325,"13000 Pond Springs Rd, Austin, TX 78729, USA"
1326,"600 Red River St, Austin, TX 78701, USA"
1327,"5800 Ainez Dr, Austin, TX 78744, USA"
1328,"4500 Frontier Trail, Austin, TX 78745, USA"
1329,"2300 East Side Dr, Austin, TX 78704, USA"
1330,140171414
1331,"6500 Champion Grandview Way, Austin, TX 78750, USA"
1332,"1800 Rabb Rd, Austin, TX 78704, USA"
1333,"1100 August Dr, Austin, TX 78753, USA"
1334,"4200 Speedway, Austin, TX 78751, USA"
1335,"2000 E 13th St, Austin, TX 78702, USA"
1336,"3400 Pickle Dr, Austin, TX 78702, USA"
1337,"5358 Manchaca Rd, Austin, TX 78745, USA"
1338,141681729
1339,"1200 Fieldcrest Dr, Austin, TX 78704, USA"
1340,"Co Rd 183, Austin, TX 78717, USA"
1341,153020727
1342,"9800 N Lamar Blvd, Austin, TX 78753, USA"
1343,"W Parmer Ln, Austin, TX, USA"
1344,"3800 E 12th St, Austin, TX 78721, USA"
1345,"9600 South IH-35 Service Road Sb, Austin, TX 78748, United States"
1346,"400 E 5th St, Austin, TX 78701, USA"
1347,"2500 Spirit of Texas Dr, Austin, TX 78719, USA"
1348,"5900 Airport Blvd, Austin, TX 78752, USA"
1349,"2000 E 8th St, Austin, TX 78702, USA"
1350,"9500 Stonelake Blvd, Austin, TX 78759, USA"
1351,"2300 W Howard Ln, Austin, TX 78728, USA"
1352,"800 W Slaughter Ln, Austin, TX 78748, USA"
1353,"2510 Leon St, Austin, TX 78705, USA"
1354,"5200 E Riverside Dr, Austin, TX 78741, USA"
1355,"2600 Deerfoot Trail, Austin, TX 78704, USA"
1356,121161066
1357,132062062
1358,"5700 Airport Blvd, Austin, TX 78751, USA"
1359,"4400 Jinx Ave, Austin, TX 78745, USA"
1360,"2300 North Loop Boulevard, Austin, TX 78756, USA"
1361,"2100 Whitestone Dr, Austin, TX 78745, USA"
1362,"400 Sterzing St, Austin, TX 78704, USA"
1363,"8600 Wall St, Austin, TX 78754, USA"
1364,"9500 Solana Vista Loop, Austin, TX 78750, USA"
1365,"803 W 28th St, Austin, TX 78705, USA"
1366,"6500 Tara Dr, Austin, TX 78747, USA"
1367,"5000 Burnet Rd, Austin, TX 78756, USA"
1368,"800 E Slaughter Ln, Austin, TX 78744, USA"
1369,"7800 Manchaca Rd, Austin, TX 78745, USA"
1370,142790487
1371,"4300 Airport Blvd, Austin, TX 78722, USA"
1372,"9400 N Lamar Blvd, Austin, TX 78753, USA"
1373,"12611 N Hwy 183, Austin, TX 78759, United States"
1374,142901880
1375,"2500 Elmont Dr, Austin, TX 78741, USA"
1376,"Chalmers Ave, Austin, TX 78702, USA"
1377,"8100 Brodie Ln, Austin, TX 78745, USA"
1378,"1500 Toomey Rd, Austin, TX 78704, USA"
1379,"Dessau Rd, Austin, TX, USA"
1380,160260771
1381,"1000 E Rundberg Ln, Austin, TX 78753, USA"
1382,160210430
1383,122521949
1384,131571035
1385,"7400 Carver Ave, Austin, TX 78752, USA"
1386,"1500 Faro Dr, Austin, TX 78741, USA"
1387,"400 Capitol Dr, Austin, TX 78753, USA"
1388,150050464
1389,"0 Trinity St, Austin, TX 78701, USA"
1390,"8900 N Lamar Blvd, Austin, TX 78753, USA"
1391,"100 E 11th St, Austin, TX 78701, USA"
1392,"Heritage Oaks Neighborhood Park, 2100 Parker Ln, Austin, TX 78741, USA"
1393,"200 W 4th St, Austin, TX 78701, USA"
1394,"2112 E William Cannon Dr, Austin, TX 78744, USA"
1395,"1000 Baylor St, Austin, TX 78703, USA"
1396,"200 W 27th St, Austin, TX 78705, USA"
1397,"600 North Loop Boulevard, Austin, TX 78751, USA"
1398,"300 Barton Springs Rd, Austin, TX 78704, USA"
1399,160090677
1400,"300 Craigmont Dr, Austin, TX 78745, USA"
1401,"3300 Manor Rd, Austin, TX 78723, USA"
1402,130911688
1403,"2300 S Pleasant Valley Rd, Austin, TX 78741, USA"
1404,"700 Guadalupe St, Austin, TX 78701, USA"
1405,"1100 Congress Ave, Austin, TX 78701, USA"
1406,"3900 Guadalupe St, Austin, TX 78705, USA"
1407,"4200 Duval Rd, Austin, TX 78759, USA"
1408,151470555
1409,"1400 Wells Branch Pkwy, Pflugerville, TX 78660, USA"
1410,"1800 Brandt Rd, Austin, TX 78744, USA"
1411,"4700 Brassiewood Dr, Austin, TX 78744, USA"
1412,"1500 Rockdale Cir, Austin, TX 78704, USA"
1413,"900 W Anderson Ln, Austin, TX 78757, USA"
1414,"4500 Manchaca Rd, Austin, TX 78745, USA"
1415,"1400 Lorraine Loop, Austin, TX 78758, USA"
1416,"9529 Hotel Dr, Austin, TX 78719, USA"
1417,"5000 Teri Rd, Austin, TX 78744, USA"
1418,"4400 E Oltorf St, Austin, TX 78741, USA"
1419,130881199
1420,"6100 Manor Rd, Austin, TX 78723, USA"
1421,"600 E 6th St, Austin, TX 78701, USA"
1422,"8300 Bradford Edward Cove, Austin, TX 78759, USA"
1423,"6600 Ridge Oak Rd, Austin, TX 78749, USA"
1424,"5341 Industrial Oaks Blvd, Austin, TX 78735, USA"
1425,"Eastcrest Dr, Austin, TX 78752, USA"
1426,"100 W Slaughter Ln, Austin, TX 78748, USA"
1427,"6600 Highpoint Dr, Austin, TX 78723, USA"
1428,"800 W 24th St, Austin, TX 78705, USA"
1429,131211117
1430,"800 E 7th St, Austin, TX 78702, USA"
1431,151870172
1432,"3500 Old Bull Creek Rd, Austin, TX 78731, USA"
1433,"9037 Research Blvd Ste 500, Austin, TX 78758, USA"
1434,"700 E William Cannon Dr, Austin, TX 78745, USA"
1435,"6500 Hickman Ave, Austin, TX 78723, USA"
1436,"1500 S Pleasant Valley Rd, Austin, TX 78741, USA"
1437,"12600 Sky Harbor Dr, Del Valle, TX 78617, USA"
1438,"1202 W Braker Ln, Austin, TX 78758, USA"
1439,"8449 E Parmer Ln, Manor, TX 78653, USA"
1440,"4424 S MoPac Expy, Austin, TX 78735, USA"
1441,"12300 Willow Bend Dr, Austin, TX 78758, USA"
1442,"0 East Ave, Austin, TX 78701, USA"
1443,"W Oltorf St, Austin, TX 78704, USA"
1444,"900 Brass St, Austin, TX 78702, USA"
1445,"West Gate Blvd, Austin, TX, USA"
1446,"200 W 38th St, Austin, TX 78705, USA"
1447,"13858 US-183, Austin, TX 78750, USA"
1448,"3600 Meredith St, Austin, TX 78703, USA"
1449,130822095
1450,"Redbud Trail, Austin, TX 78746, USA"
1451,"6900 Daugherty St, Austin, TX 78757, USA"
1452,"12100 Metric Blvd, Austin, TX 78758, USA"
1453,"14200 The Lakes Blvd, Pflugerville, TX 78660, USA"
1454,"900 E St Johns Ave, Austin, TX 78752, USA"
1455,"3300 Blumie St, Austin, TX 78745, USA"
1456,"4000 E 6th St, Austin, TX 78702, USA"
1457,132691169
1458,"10700 Lanshire Dr, Austin, TX 78758, USA"
1459,"2000 Fortview Rd, Austin, TX 78704, USA"
1460,"2900 E 13th St, Austin, TX 78702, USA"
1461,"500 E 8th St, Austin, TX 78701, USA"
1462,"8800 Brookfield Dr, Austin, TX 78758, USA"
1463,131020511
1464,132432020
1465,"6700 Lakewood Dr, Austin, TX 78731, USA"
1466,"3600 Presidential Blvd, Austin, TX 78719, USA"
1467,"6300 Ledge Mountain Dr, Austin, TX 78731, USA"
1468,"9600 N Lamar Blvd, Austin, TX 78753, USA"
1469,"3838 Mt Bonnell Rd, Austin, TX 78731, USA"
1470,153210181
1471,"2900 E 12th St, Austin, TX 78702, USA"
1472,"5700 W Slaughter Ln, Austin, TX 78749, USA"
1473,170660374
1474,"12611 N Hwy 183, Austin, TX 78759, United States"
1475,"5900 Jacob Glen, Austin, TX 78727, USA"
1476,"1600 Headway Cir, Austin, TX 78754, USA"
1477,"6100 Richardson Ln, Austin, TX 78741, USA"
1478,"6200 Walker Ln, Austin, TX 78741, USA"
1479,142401080
1480,"11600 Century Oaks Terrace, Austin, TX 78758, USA"
1481,"1100 W Cesar Chavez St, Austin, TX 78701, USA"
1482,"0 Rainey St, Austin, TX 78701, USA"
1483,"1101 W 6th St, Austin, TX 78703, USA"
1484,"2100 W Slaughter Ln, Austin, TX 78748, USA"
1485,"12611 N Hwy 183, Austin, TX 78759, United States"
1486,"1200 San Antonio St, Austin, TX 78701, USA"
1487,"Neches St, Austin, TX 78701, USA"
1488,"10500 Avery Club Dr, Austin, TX 78717, USA"
1489,"2300 Berkeley Ave, Austin, TX 78745, USA"
1490,"8200 Georgian Dr, Austin, TX 78753, USA"
1491,"1600 Wickersham Ln, Austin, TX 78741, USA"
1492,120910576
1493,120801072
1494,"Austin, TX 78701, USA"
1495,"6200 Loyola Ln, Austin, TX 78724, USA"
1496,132540199
1497,"800 E Rundberg Ln, Austin, TX 78753, USA"
1498,"7300 Fm 2222, Austin, TX 78730, USA"
1499,141701233
1500,"7100 Brodie Ln, Austin, TX 78745, USA"
1501,"1823 E 7th St, Austin, TX 78702, USA"
1502,"2600 S Pleasant Valley Rd, Austin, TX 78741, USA"
1503,"2900 Alsatia Dr, Austin, TX 78748, USA"
1504,"10400 Bilbrook Pl, Austin, TX 78748, USA"
1505,121612185
1506,"4537 S IH 35 Frontage Rd, Austin, TX 78744, USA"
1507,132451019
1508,"2100 Burton Dr, Austin, TX 78741, USA"
1509,"2200 E Riverside Dr, Austin, TX 78741, USA"
1510,"100 W Riverside Dr, Austin, TX 78704, USA"
1511,143321476
1512,"500 Strawberry Cove, Austin, TX 78745, USA"
1513,"2105 Justin Ln #106, Austin, TX 78757, USA"
1514,"W Riverside Dr, Austin, TX 78704, USA"
1515,"1800 Burton Dr, Austin, TX 78741, USA"
1516,123410512
1517,"E Riverside Dr, Austin, TX, USA"
1518,"476, 500 W Canyon Ridge Dr, Austin, TX 78753, USA"
1519,"1600 Payton Gin Rd, Austin, TX 78758, USA"
1520,122980786
1521,140860472
1522,142781170
1523,"11600 River Oaks Trail, Austin, TX 78753, USA"
1524,"1500 Anise Dr, Austin, TX 78741, USA"
1525,"2600 Santa Rosa St, Austin, TX 78702, USA"
1526,121191164
1527,"Nuckols Crossing Rd, Austin, TX 78744, USA"
1528,"12800 Staton Dr, Austin, TX 78727, USA"
1529,"9900 Brandywine Cir, Austin, TX 78750, USA"
1530,160440130
1531,"1700 S Lakeshore Blvd, Austin, TX 78741, USA"
1532,"5500 N Lamar Blvd, Austin, TX 78751, USA"
1533,"9100 Northgate Blvd, Austin, TX 78758, USA"
1534,172951161
1535,"E 9th St, Austin, TX, USA"
1536,"7600 Blessing Ave, Austin, TX 78752, USA"
1537,"E 7th St, Austin, TX, USA"
1538,"3600 Presidential Blvd, Austin, TX 78719, USA"
1539,"700 E 8th St, Austin, TX 78701, USA"
1540,"2900 Terry Ln, Del Valle, TX 78617, USA"
1541,"2200 E Riverside Dr, Austin, TX 78741, USA"
1542,"11000 Midbury Ct, Austin, TX 78748, USA"
1543,"12611 N Hwy 183, Austin, TX 78759, United States"
1544,130580332
1545,"1800 E Stassney Ln, Austin, TX 78744, USA"
1546,"San Jacinto Blvd, Austin, TX, USA"
1547,"2000 E Riverside Dr, Austin, TX 78741, USA"
1548,"15700 Belfin Dr, Austin, TX 78717, USA"
1549,"3700 S 2nd St, Austin, TX 78704, USA"
1550,122411021
1551,122990537
1552,"1700 E William Cannon Dr, Austin, TX 78744, USA"
1553,"Austin, TX 78701, USA"
1554,"5800 Gorham Glen Ln, Austin, TX 78739, USA"
1555,"2800 Jadewood Ct, Austin, TX 78748, USA"
1556,"500 Ralph Ablanedo Dr, Austin, TX 78748, USA"
1557,153510448
1558,"One Congress Plaza, 100 Congress Ave, Austin, TX 78701, USA"
1559,"900 San Antonio St, Austin, TX 78701, USA"
1560,"5200 Tahoe Trail, Austin, TX 78745, USA"
1561,"1000 Arthur Stiles Rd, Austin, TX 78721, USA"
1562,122842111
1563,"9900 Hotel Dr, Austin, TX 78719, USA"
1564,"2300 Melissa Oaks Ln, Austin, TX 78744, USA"
1565,"9600 Chukar Cir, Austin, TX 78758, USA"
1566,"2100 Faro Dr, Austin, TX 78741, USA"
1567,"4600 Suburban Dr, Austin, TX 78745, USA"
1568,"9300 Neils Thompson Dr, Austin, TX 78758, USA"
1569,"700 W William Cannon Dr, Austin, TX 78745, USA"
1570,"Chicon St, Austin, TX, USA"
1571,"816 Congress Ave # 1260, Austin, TX 78701, USA"
1572,"E Hwy 71, Austin, TX, USA"
1573,152791826
1574,153390961
1575,"5100 Summerset Trail, Austin, TX 78749, USA"
1576,"3300 Bryker Dr, Austin, TX 78703, USA"
1577,"2323 San Antonio St, Austin, TX 78705, USA"
1578,"2500 W Anderson Ln, Austin, TX 78757, USA"
1579,"FM1825, Austin, TX 78660, USA"
1580,"1700 W Anderson Ln, Austin, TX 78757, USA"
1581,"11900 Domain Dr, Austin, TX 78758, USA"
